"","meanfreq","sd","median","Q25","Q75","IQR","skew","kurt","sp.ent","sfm","mode","centroid","meanfun","minfun","maxfun","meandom","mindom","maxdom","dfrange","modindx","label"
"1",0.186643702462523,0.0309422879892735,0.182485549132948,0.170549132947977,0.20028901734104,0.0297398843930636,2.8161130422624,11.6091563087658,0.845675022302047,0.187048401467502,0.174595375722543,0.186643702462523,0.139437201517606,0.0470127326150832,0.27906976744186,0.697798295454545,0,6.3515625,6.3515625,0.0731741279676948,""
