"","meanfreq","sd","median","Q25","Q75","IQR","skew","kurt","sp.ent","sfm","mode","centroid","meanfun","minfun","maxfun","meandom","mindom","maxdom","dfrange","modindx","label"
"1",0.193741786759799,0.055956481824152,0.173381502890173,0.157803468208092,0.263005780346821,0.105202312138728,2.64518535301988,11.3498954497836,0.875495285132138,0.310413618021373,0.17135838150289,0.193741786759799,0.13161182355085,0.0469208211143695,0.27906976744186,1.3125,0,6.375,6.375,0.167133003643935,""
